{
  "project_info": {
    "project_number": "994617670866",
    "project_id": "newspro-b7b63",
    "storage_bucket": "newspro-b7b63.appspot.com"
  },
  "client": [
    {
      "client_info": {
        "mobilesdk_app_id": "1:994617670866:android:c1b0a5a3e309496cc5c10b",
        "android_client_info": {
          "package_name": "com.abdulmomin.newspro"
        }
      },
      "oauth_client": [
        {
          "client_id": "994617670866-7e31lf8pi97huslm0d3usespdm0lv2q1.apps.googleusercontent.com",
          "client_type": 1,
          "android_info": {
            "package_name": "com.abdulmomin.newspro",
            "certificate_hash": "643782bed9876c32e680fd8271e49e2f3f364bfe"
          }
        },
        {
          "client_id": "994617670866-co8ji72c2u0nmqtkne5nv77mhujnm7ra.apps.googleusercontent.com",
          "client_type": 1,
          "android_info": {
            "package_name": "com.abdulmomin.newspro",
            "certificate_hash": "a8ef7e8081675028d38d9b5675f09ba493e9ba17"
          }
        },
        {
          "client_id": "994617670866-4enq9qc9s0ud87javot7faq4aam34qtl.apps.googleusercontent.com",
          "client_type": 3
        }
      ],
      "api_key": [
        {
          "current_key": "AIzaSyDhJD-fBCXQ01fgFPAarAz-GeUGSpnlGVs"
        }
      ],
      "services": {
        "appinvite_service": {
          "other_platform_oauth_client": [
            {
              "client_id": "994617670866-4enq9qc9s0ud87javot7faq4aam34qtl.apps.googleusercontent.com",
              "client_type": 3
            },
            {
              "client_id": "994617670866-pga9h8hq6ais70f00d1nvrq3o97fjfq6.apps.googleusercontent.com",
              "client_type": 2,
              "ios_info": {
                "bundle_id": "com.abdulmomin.newsPro"
              }
            }
          ]
        }
      }
    }
  ],
  "configuration_version": "1"
}